fish#,group,acclimation_temperature,acclimation_salinity,assay_temperature,rmr_time,rmr_endtime,rmr_rate_abs,full_time,mmr_time,mmr_endtime,mmr_rate_abs,background_time,background_endtime,total_time,background_rate_abs,blank_time,blank_endtime,blank_rate_abs,b,rmr_background_rate_abs,mmr_background_rate_abs
4,1,10,28,10,24409.792,24599.807,0.119320938,56147.14,689.311,884.327,0.998146808,1348.766,1753.784,57495.906,0.058025002,0,0,0,1.4152958981774273e-6,0.024235222851507476,6.764485428507605e-4
4,1,10,28,24,22007.611,22077.614,0.891944719,57850.52,2186.148,2276.172,1.700944011,407.457,527.466,58257.977,0.158265439,1413.991,2113.904,0.063857227,2.2896170719211744e-6,0.09708011239063867,0.06508342345949307
5,1,10,28,10,24434.795,24634.809,0.170834736,56147.14,1344.353,1464.361,0.885132468,1328.764,1743.784,57475.904,0.059442012,0,0,0,1.449383461956035e-6,0.024851860886110577,0.0013514979527782245
5,1,10,28,24,23702.733,23777.735,0.768469843,57850.52,3056.226,3221.237,1.574894024,412.457,542.467,58262.977,0.164317365,1413.991,2113.904,0.063857227,2.429364129572393e-6,0.10210262013900744,0.06662642500791964
6,1,10,11,10,28615.091,28820.12,0.184822271,56147.14,2519.409,2714.419,0.900692245,1348.766,1763.786,57495.906,0.081545359,0,0,0,1.966995212638387e-6,0.03978535958970575,0.0034409119210825345
6,1,10,11,24,21997.612,22082.615,0.899710877,57850.52,4031.295,4131.31,1.051648981,417.458,557.468,58267.978,0.131835509,3954.47,4419.523,0.015023836,2.9345540688808885e-6,0.05240679484850551,0.015180116243542862
7,1,10,11,10,29215.137,29415.152,0.205603154,56147.14,1864.381,1949.381,0.956186,1333.765,1758.784,57480.905,0.073678546,0,0,0,1.78428161965445e-6,0.03679310713665673,0.00230847049245142
7,1,10,11,24,24907.812,24977.819,1.191266048,57850.52,5396.37,5581.386,1.571340132,512.462,577.468,58362.982,0.144903278,3954.47,4419.523,0.015023836,3.23789125984003e-6,0.06317343511693894,0.018265184768460382
9,2,10,28,10,20231.006,20436.022,0.142849847,43313.54,869.771,919.775,1.11627425,1330.987,1415.992,44644.527,0.083987142,0,0,0,2.606089742752196e-6,0.03722135676273286,0.0015723925173125597
9,2,10,28,24,24881.299,24976.303,0.865122235,61478.83,2949.824,3074.83,2.152696813,890.432,1075.442,62369.262,0.193046757,1413.991,2113.904,0.063857227,2.87567677446989e-6,0.11174512900812177,0.06692324326052738
10,2,10,28,10,28052.524,28282.539,0.230396129,43313.54,1504.807,1754.819,1.083185013,1210.982,1425.993,44524.522,0.107391318,0,0,0,3.3052598796755674e-6,0.06637944867038659,0.0034535100101267258
10,2,10,28,24,27266.46,27351.467,1.271442817,61478.83,3664.861,3824.875,2.598178652,870.429,1140.451,62349.259,0.265817808,1413.991,2113.904,0.063857227,4.355270625831426e-6,0.14502806094001658,0.07067538994992888
11,2,10,11,10,29257.604,29442.613,0.124624478,43313.54,2514.86,2589.867,1.712398074,1235.984,1425.993,44549.524,0.099470463,0,0,0,3.070938469976148e-6,0.06425827058455869,0.005367515807893186
11,2,10,11,24,24886.299,24976.303,0.857993825,61478.83,4494.92,4524.922,3.106824257,855.426,1200.462,62334.256,0.327373535,3954.47,4419.523,0.015023836,6.717260029476616e-6,0.11739078434892912,0.01754336683823264
12,2,10,11,10,21466.097,21666.101,0.187354484,43313.54,3169.923,3204.929,1.030786247,1050.975,1400.992,44364.515,0.063435595,0,0,0,2.0000818627447327e-6,0.030206788140236362,0.004404296781681083
12,2,10,11,24,29661.654,29756.661,0.759859274,61478.83,4954.945,5029.95,2.334178381,985.439,1230.466,62464.269,0.329270867,3954.47,4419.523,0.015023836,6.737956418857001e-6,0.14259140226034972,0.019707383615800697
13,2,24,28,24,24341.272,24476.285,0.716351201,43313.54,3819.967,3969.973,1.30415334,600.954,805.966,43914.494,0.24712383,5560.058,5690.065,0.064933237,6.2955598107356846e-6,0.15034184552805033,0.05736867214407007
13,2,24,28,10,28676.569,28871.582,0.157389055,61478.83,684.685,804.694,0.536018831,1080.444,1380.481,62559.274,0.057096554,2604.818,2874.821,0.050558517,1.568139093984306e-7,0.05339640829320566,0.050349829692964726
14,2,24,11,24,27932.518,28067.522,0.896246675,43313.54,4169.985,4269.989,1.721426739,625.954,835.967,43939.494,0.294170536,0,0,0,8.466818878076331e-6,0.17813067738654276,0.024774518337546514
14,2,24,11,10,28651.569,28881.583,0.118951297,61478.83,1394.732,1679.745,0.804714184,1110.449,1270.469,62589.279,0.050199229,0,0,0,1.1289959360257972e-6,0.022674834764025098,0.0010920578233386546
15,2,24,11,24,29712.63,29892.644,0.746603352,43313.54,4515.003,4650.01,1.964616761,635.955,870.967,43949.495,0.193457631,0,0,0,5.80546716495485e-6,0.1270063918723643,0.018334619644071903
15,2,24,11,10,26231.392,26446.407,0.078601477,61478.83,1819.758,2179.783,0.791847236,1085.446,1375.48,62564.276,0.051041985,0,0,0,1.1479442430178816e-6,0.02109151665718101,0.0014490199124685965
16,3,10,28,10,28784.586,29099.6,0.131986085,61065.36,553.855,723.768,1.18904655,853.27,1093.277,61918.63,0.090195905,0,0,0,2.012115034792601e-6,0.04096235629956735,7.727554837546613e-4
16,3,10,28,24,23130.001,23280.002,1.433088576,66961.12,3714.377,3899.386,2.508776471,430.617,760.626,67391.737,0.710891055,1413.991,2113.904,0.063857227,1.091080296236993e-5,0.24234689167080276,0.08140678373164727
17,3,10,28,10,28759.586,29049.599,0.108553702,61065.36,1048.78,1353.79,0.66815626,848.268,1123.279,61913.628,0.078484586,0,0,0,1.7606068448961973e-6,0.0357202090710147,0.0012807082225827493
17,3,10,28,24,29745.22,29895.217,1.127829592,66961.12,4299.537,4449.614,1.217119058,555.619,750.624,67516.739,0.497288927,1413.991,2113.904,0.063857227,7.858571399140646e-6,0.23072653575535745,0.0796993964989861
18,3,10,11,10,23604.556,23929.563,0.115570023,61065.36,1668.712,1898.719,1.007352102,NA,NA,NA,0,0,0,0,NA,NA,NA
18,3,10,11,24,29745.22,29895.217,1.243299167,66961.12,4909.628,4959.629,1.519954717,365.625,720.629,67326.745,0.288692856,3954.47,4419.523,0.015023836,5.506989020295332e-6,0.11848004509124342,0.018676475785872934
19,3,24,28,24,21824.522,21949.518,0.672808451,61065.36,2513.91,2703.827,1.365778426,1038.273,1373.285,62103.633,0.347296176,5560.058,5690.065,0.064933237,6.345630542832478e-6,0.13909277208028573,0.051624247628030556
19,3,24,28,10,24415.017,24790.029,0.128767319,66961.12,579.402,879.405,0.481166942,1445.638,1750.642,68406.758,0.059892627,2604.818,2874.821,0.050558517,2.036993853673377e-7,0.05364272511851495,0.0502725819999815
20,3,24,28,24,22649.533,22829.537,0.612806135,61065.36,3229.013,3393.925,1.408306079,1033.273,1368.282,62098.633,0.242797447,5560.058,5690.065,0.064933237,4.177205169203775e-6,0.11565904730838764,0.05820661308511679
20,3,24,28,10,23215.002,23435.005,0.083361437,66961.12,1674.421,1914.343,0.462093171,1465.641,1635.642,68426.761,0.05320555,2604.818,2874.821,0.050558517,5.7941406527012134e-8,0.05138660428911576,0.050521151165845074
21,3,24,11,24,21044.507,21149.51,0.466697607,61065.36,4039.047,4204.053,1.434108308,983.273,1388.283,62048.633,0.118325546,0,0,0,2.6002219854817857e-6,0.03865778044530477,0.007306283577718897
21,3,24,11,10,23255.003,23580.007,0.106114468,66961.12,2144.348,2389.351,0.525851608,NA,NA,NA,0,0,0,0,NA,NA,NA
22,3,24,11,24,24359.571,24454.569,0.69160833,61065.36,4849.07,4984.075,0.749420398,1148.276,1343.28,62213.636,0.138532963,0,0,0,3.0086018639292447e-6,0.052111970356097714,0.010163571263573257
22,3,24,11,10,22029.873,22334.885,0.122174976,66961.12,2884.362,3069.366,0.161845304,1460.642,1725.644,68421.762,0.033286478,0,0,0,6.904279360328857e-7,0.01059856726408781,0.0013813170055527735
23,4,10,28,10,26229.094,26469.101,0.178741886,59874.99,143.771,333.687,0.869362977,NA,NA,NA,0,0,0,0,NA,NA,NA
23,4,10,28,24,28124.519,28219.52,0.837153668,64875.22,814.056,939.056,2.21694128,765.201,1110.21,65640.421,0.228402632,1413.991,2113.904,0.063857227,3.4217516145662462e-6,0.12925841321817116,0.06243532653476484
24,4,10,11,10,27849.214,28084.218,0.11310962,59874.99,1378.81,1538.81,1.073020819,NA,NA,NA,0,0,0,0,NA,NA,NA
24,4,10,11,24,23669.445,23769.445,0.973123047,64875.22,2674.089,2819.089,1.650339535,770.201,1390.219,65645.421,0.097823165,3954.47,4419.523,0.015023836,1.8603360262997038e-6,0.04077193339118766,0.013374163973261953
25,4,10,11,10,26174.092,26489.1,0.113532179,59874.99,2398.827,2688.831,0.790415807,NA,NA,NA,0,0,0,0,NA,NA,NA
25,4,10,11,24,20129.39,20229.393,0.714727605,64875.22,3784.097,3934.103,2.086262553,1090.21,1375.217,65965.43,0.07880974,3954.47,4419.523,0.015023836,1.4385815886891263e-6,0.031283408854475656,0.014853963202250952
26,4,24,28,24,23694.052,23839.052,1.052346541,59874.99,3603.86,3648.857,2.031698101,350.026,550.034,60225.016,0.763918347,5560.058,5690.065,0.064933237,1.3988361771319011e-5,0.2571651270553472,0.04614470087908665
26,4,24,28,10,20464.396,20714.4,0.10840862,64875.22,1084.058,1288.984,0.667967733,1035.209,1460.222,65910.429,0.037098073,2604.818,2874.821,0.050558517,-3.0883829401152024e-7,0.046742609273709296,0.05088411968751935
27,4,24,28,24,23584.047,23699.052,1.154486938,59874.99,4518.88,4728.879,1.79422986,385.027,565.03,60260.017,0.72025119,5560.058,5690.065,0.064933237,1.3292667296175926e-5,0.2455877735654675,0.055385925078865667
27,4,24,28,10,20269.394,20684.401,0.147452837,64875.22,1733.898,2238.907,0.390936635,1000.207,1415.22,65875.427,0.038548939,2604.818,2874.821,0.050558517,-2.7549978394992083e-7,0.047190939083869704,0.05072484336732927
28,4,24,11,24,20174.07,20289.069,0.673531819,59874.99,5223.9,5463.902,1.506236425,375.028,555.031,60250.018,0.210991175,0,0,0,4.584037660327566e-6,0.06620045039794209,0.016737006847070912
28,4,24,11,10,21914.424,22314.428,0.125959997,64875.22,2534.017,2704.085,0.522300108,NA,NA,NA,0,0,0,0,NA,NA,NA
29,4,24,11,24,23599.048,23699.052,0.733987433,59874.99,5618.902,5728.9,1.671433874,350.026,580.031,60225.016,0.217886409,0,0,0,4.721951105025954e-6,0.08030115722115871,0.018560856610939647
29,4,24,11,10,29619.548,29984.554,0.1037398,64875.22,4174.109,4279.109,1.001895449,NA,NA,NA,0,0,0,0,NA,NA,NA
30,5,10,28,10,25446.561,25691.561,0.216757718,64946.9,1561.137,1776.148,0.813851995,777.202,997.308,65724.102,0.136285488,0,0,0,2.8045320844378537e-6,0.05071084620875488,0.0030393873460836662
30,5,10,28,24,29008.263,29108.266,0.672366366,66784.23,6657.931,6857.94,1.188682436,1203.121,1708.117,67987.351,0.108444487,1413.991,2113.904,0.063857227,9.453182703432141e-7,0.08210267824450317,0.06729920089428214
31,5,10,11,10,25426.557,25701.561,0.105301255,64946.9,3131.095,3286.089,0.638564294,727.204,962.307,65674.104,0.007675842,0,0,0,1.6797510750095647e-7,0.0029648379276916437,3.64624459693319e-4
31,5,10,11,24,21017.995,21112.999,0.54451762,66784.23,7712.952,7817.952,1.258268471,1148.122,1578.128,67932.352,0.108788702,3954.47,4419.523,0.015023836,2.0210519878251893e-6,0.039215889825234704,0.020302928205836332
32,5,10,11,10,28601.516,29011.522,0.167296173,64946.9,4081.097,4286.097,0.755162887,NA,NA,NA,0,0,0,0,NA,NA,NA
32,5,10,11,24,29018.263,29118.266,0.54017303,66784.23,8412.965,8502.97,1.680244224,1358.125,1703.116,68142.355,0.098624088,3954.47,4419.523,0.015023836,1.8045871765832566e-6,0.04687135987679612,0.020616299775666133
33,5,24,28,24,29466.529,29611.531,0.581361932,64946.9,1551.136,1736.145,1.026773002,602.202,1042.307,65549.102,0.235901664,5560.058,5690.065,0.064933237,3.795729379476037e-6,0.12985134691323566,0.05444119626839186
33,5,24,28,10,22863.216,23248.299,0.138756825,66784.23,2602.67,2847.673,0.539136688,NA,NA,NA,0,2604.818,2874.821,0.050558517,NA,NA,NA
34,5,24,28,24,29451.529,29591.531,0.646389953,64946.9,5126.102,5261.119,1.390307178,607.202,837.299,65554.102,0.23289059,5560.058,5690.065,0.064933237,3.7334972178148396e-6,0.12871244221801328,0.06381084864304779
34,5,24,28,10,21152.999,21528.261,0.102710186,66784.23,4712.804,4912.89,0.585996177,748.112,1163.12,67532.342,0.051932574,2604.818,2874.821,0.050558517,3.051070511219872e-8,0.050950858467963406,0.05060309854429687
35,5,24,11,24,29486.528,29616.529,0.490310144,64946.9,6286.117,6386.121,1.166608987,562.202,977.321,65509.102,0.128831401,0,0,0,2.668789833715486e-6,0.056061129104499896,0.011696335875504227
35,5,24,11,10,24533.243,24913.329,0.101725839,66784.23,3382.596,3757.857,0.295623208,748.112,1133.121,67532.342,0.070733191,0,0,0,1.4600267991686628e-6,0.025138752906761264,0.0034290986322509376
36,5,24,11,24,29456.529,29596.53,0.53570108,64946.9,7501.134,7641.14,1.438057043,752.204,1022.309,65699.104,0.132118439,0,0,0,2.724921434286383e-6,0.05721348143623506,0.014268769715055862
36,5,24,11,10,26163.293,26548.296,0.118823674,66784.23,4282.889,4407.8,0.610578151,758.113,1143.121,67542.343,0.055091607,0,0,0,1.1454779492999717e-6,0.020990523187252697,0.00340633723851802
37,6,10,28,10,35247.114,35567.296,0.234532008,57931.089,4162.725,4284.748,0.682681422,401.63,620.687,58332.719,0.094661483,0,0,0,2.2369057520503487e-6,0.05617175992727286,0.006475199617605787
37,6,10,28,24,35085.003,35177.041,0.899786488,84493.152,4024.537,4095.55,2.071220401,51201.064,51234.074,51201.064,0.311109204,1413.991,2113.904,0.063857227,6.402323674299084e-6,0.22502200602701322,0.07550954981779782
38,6,24,28,24,27477.553,27577.672,1.151757152,57931.089,2332.394,2407.479,2.041525919,588.678,696.704,58519.767,0.334740024,5560.058,5690.065,0.064933237,6.507003165916834e-6,0.16883914566359073,0.05048092085554337
39,6,24,28,24,27472.553,27577.672,1.020102783,57931.089,1326.988,1466.173,1.732268504,541.667,688.701,58472.756,0.343428732,5560.058,5690.065,0.064933237,6.698714871863442e-6,0.17203324862388605,0.045470165780277544
40,6,24,11,24,27432.536,27565.58,0.707303639,57931.089,199.856,282.874,1.83190238,623.689,782.728,58554.778,0.102613495,0,0,0,2.4067577191180633e-6,0.04682731017884989,3.33462825655495e-4
41,6,24,28,10,0,0,0,0,1175.03,1434.083,0.586033458,0,0,0,0,0,0,0,NA,NA,NA
42,6,24,28,10,0,0,0,0,1680.133,1811.166,0.534051062,0,0,0,0,0,0,0,NA,NA,NA
43,6,24,11,10,0,0,0,0,10.76,120.778,1.035862048,0,0,0,0,0,0,0,NA,NA,NA
