fish#,mass_(g),group,acclimation_temperature_(C),acclimation_salinity_(ppt),test_temperature_(C),rmr_rate_abs_(umolO2/min),mmr_rate_abs_(umolO2/min),rmr_background_rate_abs_(umolO2/min),mmr_background_rate_abs_(umolO2/min),resting_metabolic_rate_(umolO2/min/g),maximal_metabolic_rate_(umolO2/min/g),aerobic_scope_(umolO2/min/g)
4,6.932,1,10,28,10,0.119320938,0.998146808,0,0,0.017213061,0.143991173,0.126778112
4,6.932,1,10,28,24,0.891944719,1.700944011,0.097080112,0.065083423,0.114665985,0.235986813,0.121320828
5,5.409,1,10,28,10,0.170834736,0.885132468,0,0,0.031583423,0.163640686,0.132057262
5,5.409,1,10,28,24,0.768469843,1.574894024,0.10210262,0.066626425,0.123196011,0.278844075,0.155648064
6,5.839,1,10,11,10,0.184822271,0.900692245,0,0,0.031653069,0.154254538,0.122601468
6,5.839,1,10,11,24,0.899710877,1.051648981,0.052406795,0.015180116,0.145111163,0.177507941,0.032396777
7,8.597,1,10,11,10,0.205603154,0.956186,0,0,0.023915686,0.111223217,0.087307531
7,8.597,1,10,11,24,1.191266048,1.571340132,0.063173435,0.018265185,0.131219334,0.180653129,0.049433795
9,6.843,2,10,28,10,0.142849847,1.11627425,0.037221357,0.001572393,0.015435992,0.162896662,0.14746067
9,6.843,2,10,28,24,0.865122235,2.152696813,0.111745129,0.066923243,0.110094565,0.30480397,0.194709406
10,8.887,2,10,28,10,0.230396129,1.083185013,0.066379449,0.00345351,0.018455798,0.121495612,0.103039814
10,8.887,2,10,28,24,1.271442817,2.598178652,0.145028061,0.07067539,0.126748594,0.284404553,0.157655959
11,6.597,2,10,11,10,0.124624478,1.712398074,0.064258271,0.005367516,0.009150554,0.258758611,0.249608057
11,6.597,2,10,11,24,0.857993825,3.106824257,0.117390784,0.017543367,0.112263611,0.468285719,0.356022108
12,7.571,2,10,11,10,0.187354484,1.030786247,0.030206788,0.004404297,0.020756531,0.135567554,0.114811023
12,7.571,2,10,11,24,0.759859274,2.334178381,0.142591402,0.019707384,0.08153056,0.305702153,0.224171592
13,5.714,2,24,28,24,0.716351201,1.30415334,0.150341846,0.057368672,0.09905659,0.218198227,0.119141637
13,5.714,2,24,28,10,0.157389055,0.536018831,0.053396408,0.05034983,0.018199623,0.084996325,0.066796702
14,8.035,2,24,11,24,0.896246675,1.721426739,0.178130677,0.024774518,0.089373491,0.211157713,0.121784222
14,8.035,2,24,11,10,0.118951297,0.804714184,0.022674835,0.001092058,0.011982136,0.100015199,0.088033063
15,7.664,2,24,11,24,0.746603352,1.964616761,0.127006392,0.01833462,0.080845115,0.253951219,0.173106104
15,7.664,2,24,11,10,0.078601477,0.791847236,0.021091517,0.00144902,0.007503909,0.103131291,0.095627382
16,8.782,3,10,28,10,0.131986085,1.18904655,0,0,0.01502916,0.135395872,0.120366712
16,8.782,3,10,28,24,1.433088576,2.508776471,0.242346892,0.081406784,0.135588896,0.276402834,0.140813938
17,6.958,3,10,28,10,0.108553702,0.66815626,0,0,0.015601279,0.096027057,0.080425777
17,6.958,3,10,28,24,1.127829592,1.217119058,0.230726536,0.079699396,0.128931166,0.163469339,0.034538173
18,6.566,3,10,11,10,0.115570023,1.007352102,0,0,0.017601283,0.153419449,0.135818166
18,6.566,3,10,11,24,1.243299167,1.519954717,0.118480045,0.018676476,0.171309644,0.228644265,0.057334621
19,6.399,3,24,28,24,0.672808451,1.365778426,0.139092772,0.051624248,0.083406107,0.205368679,0.121962572
19,6.399,3,24,28,10,0.128767319,0.481166942,0.053642725,0.050272582,0.011740052,0.067337765,0.055597713
20,6.564,3,24,28,24,0.612806135,1.408306079,0.115659047,0.058206613,0.075738435,0.205682429,0.129943994
20,6.564,3,24,28,10,0.083361437,0.462093171,0.051386604,0.050521151,0.004871242,0.062701405,0.057830163
21,6.421,3,24,11,24,0.466697607,1.434108308,0.03865778,0.007306284,0.066662487,0.222208694,0.155546207
21,6.421,3,24,11,10,0.106114468,0.525851608,0,0,0.016526159,0.081895594,0.065369435
22,5.221,3,24,11,24,0.69160833,0.749420398,0.05211197,0.010163571,0.122485417,0.141592957,0.01910754
22,5.221,3,24,11,10,0.122174976,0.161845304,0.010598567,0.001381317,0.021370697,0.03073434,0.009363643
23,7.145,4,10,28,10,0.178741886,0.869362977,0,0,0.025016359,0.121674314,0.096657955
23,7.145,4,10,28,24,0.837153668,2.21694128,0.129258413,0.062435327,0.099075613,0.301540371,0.202464758
24,8.992,4,10,11,10,0.11310962,1.073020819,0,0,0.012578917,0.119330607,0.10675169
24,8.992,4,10,11,24,0.973123047,1.650339535,0.040771933,0.013374164,0.103686734,0.182046861,0.078360126
25,7.287,4,10,11,10,0.113532179,0.790415807,0,0,0.015580099,0.108469302,0.092889204
25,7.287,4,10,11,24,0.714727605,2.086262553,0.031283409,0.014853963,0.093789515,0.284260819,0.190471304
26,6.203,4,24,28,24,1.052346541,2.031698101,0.257165127,0.046144701,0.128193038,0.320095663,0.191902626
26,6.203,4,24,28,10,0.10840862,0.667967733,0,0,0.017476805,0.107684626,0.090207821
27,7.224,4,24,28,24,1.154486938,1.79422986,0.245587774,0.055385925,0.125816606,0.240703756,0.11488715
27,7.224,4,24,28,10,0.147452837,0.390936635,0,0,0.020411522,0.054116367,0.033704845
28,6.314,4,24,11,24,0.673531819,1.506236425,0.06620045,0.016737007,0.096188053,0.235904247,0.139716194
28,6.314,4,24,11,10,0.125959997,0.522300108,0,0,0.019949318,0.082720955,0.062771636
29,6.89,4,24,11,24,0.733987433,1.671433874,0.080301157,0.018560857,0.094874641,0.239894487,0.145019846
29,6.89,4,24,11,10,0.1037398,1.001895449,0,0,0.015056575,0.145412982,0.130356408
30,6.084,5,10,28,10,0.216757718,0.813851995,0.050710846,0.003039387,0.027292385,0.133269659,0.105977274
30,6.084,5,10,28,24,0.672366366,1.188682436,0.082102678,0.067299201,0.097019015,0.184316771,0.087297756
31,5.762,5,10,11,10,0.105301255,0.638564294,0,0,0.018275122,0.110823376,0.092548254
31,5.762,5,10,11,24,0.54451762,1.258268471,0.03921589,0.020302928,0.087695545,0.214849973,0.127154428
32,7.631,5,10,11,10,0.167296173,0.755162887,0,0,0.021923231,0.098959886,0.077036655
32,7.631,5,10,11,24,0.54017303,1.680244224,0.04687136,0.0206163,0.064644433,0.217484985,0.152840552
33,4.701,5,24,28,24,0.581361932,1.026773002,0.129851347,0.054441196,0.096045647,0.2068351,0.110789453
33,4.701,5,24,28,10,0.138756825,0.539136688,0,0,0.029516449,0.114685532,0.085169084
34,5.66,5,24,28,24,0.646389953,1.390307178,0.128712442,0.063810849,0.091462458,0.234363309,0.142900851
34,5.66,5,24,28,10,0.102710186,0.585996177,0,0,0.018146676,0.103532893,0.085386217
35,5.441,5,24,11,24,0.490310144,1.166608987,0.056061129,0.011696336,0.079810516,0.212261101,0.132450586
35,5.441,5,24,11,10,0.101725839,0.295623208,0,0,0.018696166,0.054332514,0.035636348
36,7.191,5,24,11,24,0.53570108,1.438057043,0.057213481,0.01426877,0.066539786,0.197995866,0.13145608
36,7.191,5,24,11,10,0.118823674,0.610578151,0,0,0.016523943,0.084908657,0.068384714
37,8.592,6,10,28,10,0.234532008,0.682681422,0,0,0.027296556,0.079455473,0.052158917
37,8.592,6,10,28,24,0.899786488,2.071220401,0.225022006,0.07550955,0.078534041,0.232275472,0.15374143
38,8.65,6,24,28,24,1.151757152,2.041525919,0.168839146,0.050480921,0.113632139,0.230178613,0.116546473
39,9.664,6,24,28,24,1.020102783,1.732268504,0.172033249,0.045470166,0.08775554,0.17454453,0.08678899
40,8.942,6,24,11,24,0.707303639,1.83190238,0.04682731,3.33E-04,0.07386226,0.204827658,0.130965398
41,5.648,6,24,28,10,0,0.586033458,0,0,0,0.103759465,0.103759465
42,6.346,6,24,28,10,0,0.534051062,0,0,0,0.084155541,0.084155541
43,8.065,6,24,11,10,0,1.035862048,0,0,0,0.128439188,0.128439188
